Race	Gender	Gender Code	Single-Year Ages	Single-Year Ages Code	Year	Year Code	Deaths	Population	Crude Rate	Crude Rate Lower 95% Confidence Interval	Crude Rate Upper 95% Confidence Interval	Crude Rate Standard Error
Black or African American	Female	F	55 years	55	1999	1999	170	703574	24.1623482391333	20.5301399101737	27.794556568093	1.85316751477532
Black or African American	Female	F	55 years	55	2000	2000	148	721707	20.5069370256905	17.2030437395274	23.8108303118536	1.68565983987913
Black or African American	Female	F	55 years	55	2001	2001	150	749059	20.0251248566535	16.8204374449442	23.2298122683627	1.63504459781084
Black or African American	Female	F	55 years	55	2002	2002	154	799225	19.2686665206919	16.2253482628619	22.311984778522	1.55271339685206
Black or African American	Female	F	55 years	55	2003	2003	165	846733	19.4866622654367	16.5132744496573	22.4600500812161	1.51703459988747
Black or African American	Female	F	55 years	55	2004	2004	156	906422	17.2105266641807	14.5097546006472	19.9112987277142	1.37794493037424
Black or African American	Female	F	55 years	55	2005	2005	168	976118	17.2110339118836	14.6084281267471	19.8136396970201	1.3278600944574
Black or African American	Female	F	55 years	55	2006	2006	213	1046312	20.3572165854927	17.6233037317856	23.0911294391998	1.39485349678933
Black or African American	Female	F	55 years	55	2007	2007	198	1085461	18.2410975613127	15.7002743840855	20.7819207385398	1.29633835572815
Black or African American	Female	F	55 years	55	2008	2008	197	1123799	17.5298251733629	15.0818864457673	19.9777639009584	1.2489483304059
Black or African American	Female	F	55 years	55	2009	2009	194	1164471	16.6599254081896	14.3155440519102	19.0043067644691	1.19611293687727
Black or African American	Female	F	55 years	55	2010	2010	193	1194067	16.1632471209739	13.8828733882335	18.4436208537144	1.16345598609205
Black or African American	Female	F	55 years	55	2011	2011	208	1242711	16.7376002948393	14.462934503707	19.0122660859715	1.16054377098585
Black or African American	Female	F	55 years	55	2012	2012	220	1292069	17.0269544428355	14.7769586555041	19.2769502301669	1.14795703435276
Black or African American	Female	F	55 years	55	2013	2013	252	1330735	18.9369032902869	16.5987942439239	21.27501233665	1.19291277875667
Black or African American	Female	F	55 years	55	2014	2014	252	1364351	18.4703203207972	16.1898195245857	20.7508211170087	1.16352081439362
Black or African American	Female	F	55 years	55	2015	2015	264	1395987	18.9113508936688	16.6300810432925	21.1926207440451	1.16391318896751
Black or African American	Female	F	55 years	55	2016	2016	297	1412482	21.0268166249198	18.6354213107393	23.4182119391004	1.22009965009211
Black or African American	Female	F	55 years	55	2017	2017	331	1421202	23.2901445396221	20.7810659863007	25.7992230929434	1.28014211904151
Black or African American	Female	F	55 years	55	2018	2018	342	1426347	23.9773351084974	21.4361053560278	26.518564860967	1.29654579207633
Black or African American	Female	F	55 years	55	2019	2019	381	1428980	26.6623745608756	23.9851030987104	29.3396460230408	1.36595482763532
Black or African American	Female	F	55 years	55	2020	2020	362	1421662	25.463155095937	22.8400602057829	28.0862499860912	1.3383137194664
Black or African American	Female	F	55 years	55	2021	2021	332	1392255	23.8462063343281	21.2810943663161	26.4113183023401	1.3087305959245
Black or African American	Female	F	55 years	55	2022	2022	363	1417444	25.6094773409038	22.9749453656592	28.2440093161483	1.34414896696149
Black or African American	Female	F	60 years	60	1999	1999	170	585855	29.0174189859266	24.6553714778581	33.379466493995	2.22553444289206
Black or African American	Female	F	60 years	60	2000	2000	169	596149	28.3486175436007	24.0745182831809	32.6227168040205	2.18066288796928
Black or African American	Female	F	60 years	60	2001	2001	216	610941	35.3552961742623	30.6402746950802	40.0703176534445	2.40562320366436
Black or African American	Female	F	60 years	60	2002	2002	174	629297	27.6499013979091	23.5414795115478	31.7583232842704	2.09613361549045
Black or African American	Female	F	60 years	60	2003	2003	201	653908	30.7382689919683	26.4887727505451	34.9877652333914	2.16811032725671
Black or African American	Female	F	60 years	60	2004	2004	187	678186	27.5735565169437	23.6214553398172	31.5256576940703	2.01637815159519
Black or African American	Female	F	60 years	60	2005	2005	218	698748	31.1986581714724	27.0571002424254	35.3402161005194	2.11303975971787
Black or African American	Female	F	60 years	60	2006	2006	198	720394	27.4849596193194	23.6565484071547	31.3133708314841	1.95327102661464
Black or African American	Female	F	60 years	60	2007	2007	208	768767	27.0563122506559	23.3793175305863	30.7333069707255	1.87601771432124
Black or African American	Female	F	60 years	60	2008	2008	216	815179	26.4972478437251	22.9635455065538	30.0309501808965	1.80290935569968
Black or African American	Female	F	60 years	60	2009	2009	228	873483	26.1023969556362	22.714196957896	29.4905969533765	1.72867346823481
Black or African American	Female	F	60 years	60	2010	2010	212	927423	22.8590405888144	19.781908496341	25.9361726812878	1.56996535330276
Black or African American	Female	F	60 years	60	2011	2011	226	1006503	22.4539817566366	19.5264931250467	25.3814703882265	1.49361664877034
Black or African American	Female	F	60 years	60	2012	2012	274	1040236	26.3401766522212	23.2212908512872	29.4590624531552	1.59126826578265
Black or African American	Female	F	60 years	60	2013	2013	330	1075039	30.6965607759346	27.3845722653609	34.0085492865083	1.68979005641516
Black or African American	Female	F	60 years	60	2014	2014	342	1114807	30.6779559152391	27.4265631326806	33.9293486977977	1.65887386865233
Black or African American	Female	F	60 years	60	2015	2015	360	1153658	31.2050885097663	27.981569470018	34.4286075495147	1.64465257130018
Black or African American	Female	F	60 years	60	2016	2016	414	1190046	34.7885711980881	31.4374318050919	38.1397105910844	1.70976499642668
Black or African American	Female	F	60 years	60	2017	2017	460	1239642	37.1074874842898	33.7164022552097	40.4985727133699	1.73014552504088
Black or African American	Female	F	60 years	60	2018	2018	470	1272746	36.9280280590157	33.5894367421457	40.2666193758857	1.70336291677042
Black or African American	Female	F	60 years	60	2019	2019	480	1301964	36.8673788215342	33.5691733021493	40.1655843409192	1.68275791805354
Black or African American	Female	F	60 years	60	2020	2020	543	1329313	40.848167436864	37.4123606422938	44.2839742314343	1.75296265029095
Black or African American	Female	F	60 years	60	2021	2021	580	1321124	43.9020107120906	40.3290644368836	47.4749569872976	1.8229317730648
Black or African American	Female	F	60 years	60	2022	2022	565	1343676	42.0488272470447	38.5815726298529	45.5160818642365	1.76900745775093
Black or African American	Female	F	65 years	65	1999	1999	250	507961	49.2163768478289	43.1154515662324	55.3173021294253	3.11271698040635
Black or African American	Female	F	65 years	65	2000	2000	261	508629	51.3144158119179	45.0889019175173	57.5399297063185	3.17628259918399
Black or African American	Female	F	65 years	65	2001	2001	260	522334	49.7765797363373	43.7260353771092	55.8271240955654	3.08701242817758
Black or African American	Female	F	65 years	65	2002	2002	250	530031	47.1670524931561	41.3201640904683	53.0139408958439	2.98310632790193
Black or African American	Female	F	65 years	65	2003	2003	270	539527	50.0438346922397	44.0745159405732	56.0131534439062	3.04557079166659
Black or African American	Female	F	65 years	65	2004	2004	223	548655	40.6448496778486	35.3101599975917	45.9795393581054	2.72178044911066
Black or African American	Female	F	65 years	65	2005	2005	282	561769	50.1985691627698	44.3395778295806	56.0575604959589	2.98928129244345
Black or African American	Female	F	65 years	65	2006	2006	252	574475	43.8661386483311	38.4500569357901	49.282220360872	2.76330699619436
Black or African American	Female	F	65 years	65	2007	2007	274	592733	46.2265471974734	40.7529574192421	51.7001369757047	2.79264784603639
Black or African American	Female	F	65 years	65	2008	2008	250	617326	40.4972413279207	35.4771512831713	45.5173313726702	2.56127043099463
Black or African American	Female	F	65 years	65	2009	2009	261	641482	40.687034086693	35.7508442846485	45.6232238887375	2.51846418471656
Black or African American	Female	F	65 years	65	2010	2010	242	657563	36.8025573215038	32.1656716687581	41.4394429742495	2.36575798609472
Black or African American	Female	F	65 years	65	2011	2011	271	680703	39.8117828186448	35.0717314069451	44.5518342303446	2.41839357739783
Black or African American	Female	F	65 years	65	2012	2012	314	729212	43.0601800299501	38.2973280078397	47.8230320520606	2.43002654189308
Black or African American	Female	F	65 years	65	2013	2013	327	774692	42.2103235866641	37.6352205796305	46.7854265936978	2.3342362280784
Black or African American	Female	F	65 years	65	2014	2014	347	828528	41.8815055133924	37.4748041611163	46.2882068656686	2.24831701646742
Black or African American	Female	F	65 years	65	2015	2015	373	885437	42.1260914102302	37.8509269981915	46.4012558222689	2.18120633267279
Black or African American	Female	F	65 years	65	2016	2016	459	946010	48.519571674718	44.0807603344751	52.9583830149609	2.26469966338924
Black or African American	Female	F	65 years	65	2017	2017	511	978448	52.2255653851814	47.6973323204306	56.7537984499322	2.31032299221978
Black or African American	Female	F	65 years	65	2018	2018	534	1007581	52.9982204904618	48.5030441788301	57.4933968020935	2.29345730185292
Black or African American	Female	F	65 years	65	2019	2019	589	1042963	56.4737195854503	51.9128797943853	61.0345593765153	2.32695907707399
Black or African American	Female	F	65 years	65	2020	2020	738	1077483	68.4929599817352	63.5512890122398	73.4346309512306	2.52126069872214
Black or African American	Female	F	65 years	65	2021	2021	716	1088159	65.7992076525581	60.9795052388283	70.6189100662879	2.45903184373968
Black or African American	Female	F	65 years	65	2022	2022	684	1106126	61.8374398576654	57.2031891867619	66.4716905285689	2.36441360760384
Black or African American	Female	F	70 years	70	1999	1999	417	435255	95.8059068821725	86.610301409735	105.00151235461	4.69163544512117
Black or African American	Female	F	70 years	70	2000	2000	415	440786	94.1499956895183	85.0915783116006	103.208413067436	4.62164151934575
Black or African American	Female	F	70 years	70	2001	2001	386	440752	87.5775946564054	78.8407335416285	96.3144557711823	4.45758220141678
Black or African American	Female	F	70 years	70	2002	2002	383	442356	86.5818481042418	77.9105615952015	95.2531346132822	4.42412576991856
Black or African American	Female	F	70 years	70	2003	2003	376	446877	84.1394835715421	75.6347249730588	92.6442421700253	4.33916255024656
Black or African American	Female	F	70 years	70	2004	2004	374	450801	82.9634361946846	74.5551593657967	91.3717130235725	4.28993715759586
Black or African American	Female	F	70 years	70	2005	2005	367	456614	80.3742329407333	72.1510513565267	88.5974145249399	4.19550080826869
Black or African American	Female	F	70 years	70	2006	2006	359	466664	76.9290110229201	68.971101514123	84.8869205317172	4.06015791265159
Black or African American	Female	F	70 years	70	2007	2007	345	472797	72.9700061548614	65.2700029363187	80.670009373404	3.92857307068503
Black or African American	Female	F	70 years	70	2008	2008	357	480483	74.3002353881407	66.5927598873894	82.0077108888919	3.93238545956697
Black or African American	Female	F	70 years	70	2009	2009	365	487912	74.8085720375805	67.1338791786011	82.48326489656	3.9156596219283
Black or African American	Female	F	70 years	70	2010	2010	331	496664	66.6446531256544	59.4649351309187	73.8243711203901	3.66312142588556
Black or African American	Female	F	70 years	70	2011	2011	355	515854	68.8179213498393	61.6590683380226	75.976774361656	3.65247602643709
Black or African American	Female	F	70 years	70	2012	2012	353	531565	66.4076829738602	59.4800152969083	73.3353506508122	3.53452432497548
Black or African American	Female	F	70 years	70	2013	2013	424	556554	76.1830837618632	68.9315196454128	83.4346478783135	3.69977761043385
Black or African American	Female	F	70 years	70	2014	2014	436	581078	75.0329559886969	67.9898393133229	82.0760726640708	3.59342687519078
Black or African American	Female	F	70 years	70	2015	2015	533	603471	88.32238831692	80.824080392925	95.8206962409149	3.82566730816069
Black or African American	Female	F	70 years	70	2016	2016	517	621831	83.1415609707461	75.974700096403	90.3084218450891	3.65656167058319
Black or African American	Female	F	70 years	70	2017	2017	565	668247	84.5495752319128	77.5778015987953	91.5213488650302	3.55702736383544
Black or African American	Female	F	70 years	70	2018	2018	611	708288	86.2643444474564	79.4241760682535	93.1045128266593	3.48988182612391
Black or African American	Female	F	70 years	70	2019	2019	643	756006	85.0522350351717	78.4781348896999	91.6263351806435	3.35413272728152
Black or African American	Female	F	70 years	70	2020	2020	799	806836	99.028798913286	92.1621602682079	105.895437558364	3.50338706381534
Black or African American	Female	F	70 years	70	2021	2021	811	836516	96.9497295927394	90.2771733004126	103.622285885066	3.40436545526879
Black or African American	Female	F	70 years	70	2022	2022	802	849725	94.3834770072671	87.8511959924276	100.915758022107	3.33279643614259
Black or African American	Female	F	75 years	75	1999	1999	588	343390	171.233874020793	157.393204764353	185.074543277233	7.06156594716336
Black or African American	Female	F	75 years	75	2000	2000	539	344364	156.520426060796	143.306474508463	169.734377613129	6.74181201649644
Black or African American	Female	F	75 years	75	2001	2001	523	354673	147.459772804809	134.821760107469	160.097785502148	6.44796566190788
Black or African American	Female	F	75 years	75	2002	2002	525	359611	145.991084811088	133.502801134958	158.479368487217	6.37157330414787
Black or African American	Female	F	75 years	75	2003	2003	551	363417	151.616462631082	138.956668837815	164.276256424349	6.45907846595261
Black or African American	Female	F	75 years	75	2004	2004	515	365192	141.021709128349	128.841957541729	153.201460714969	6.21415897276513
Black or African American	Female	F	75 years	75	2005	2005	537	368751	145.626723724139	133.309580045363	157.943867402916	6.28425697896763
Black or African American	Female	F	75 years	75	2006	2006	494	367499	134.422134481999	122.568176481854	146.276092482143	6.04793775517563
Black or African American	Female	F	75 years	75	2007	2007	501	368272	136.040752487292	124.128161413364	147.95334356122	6.07785258873859
Black or African American	Female	F	75 years	75	2008	2008	477	371717	128.323428845062	116.807397523124	139.839460167001	5.87552618466241
Black or African American	Female	F	75 years	75	2009	2009	453	374583	120.934479140805	109.797764062589	132.071194219021	5.68199748888571
Black or African American	Female	F	75 years	75	2010	2010	459	378077	121.403841016513	110.297214810784	132.510467222241	5.66664602333084
Black or African American	Female	F	75 years	75	2011	2011	455	393168	115.726610507468	105.092930031158	126.360290983777	5.42534718179037
Black or African American	Female	F	75 years	75	2012	2012	459	399504	114.892466658657	104.381533311348	125.403400005965	5.36272109556564
Black or African American	Female	F	75 years	75	2013	2013	522	409261	127.546968804748	116.605113640811	138.488823968685	5.58257916527393
Black or African American	Female	F	75 years	75	2014	2014	552	420226	131.357888374351	120.399600860507	142.316175888195	5.59096301726725
Black or African American	Female	F	75 years	75	2015	2015	563	433526	129.865336796409	119.137920856096	140.592752736722	5.47317139811899
Black or African American	Female	F	75 years	75	2016	2016	632	445948	141.720559347727	130.671370663685	152.769748031768	5.63734116532714
Black or African American	Female	F	75 years	75	2017	2017	726	464257	156.378902202875	145.003522003027	167.754282402722	5.80376540808539
Black or African American	Female	F	75 years	75	2018	2018	693	486475	142.453363482193	131.847106100444	153.059620863943	5.41135580701503
Black or African American	Female	F	75 years	75	2019	2019	810	508214	159.381677797148	148.405479202586	170.357876391711	5.60010132375641
Black or African American	Female	F	75 years	75	2020	2020	849	526453	161.267957443494	150.419941579859	172.11597330713	5.53470197124281
Black or African American	Female	F	75 years	75	2021	2021	878	512535	171.305374267123	159.974072605985	182.636675928261	5.78127635772349
Black or African American	Female	F	75 years	75	2022	2022	895	520724	171.876080226761	160.615520086942	183.136640366581	5.74518374480592
Black or African American	Female	F	80 years	80	1999	1999	666	227780	292.387391342523	270.181020032395	314.593762652652	11.3297812806778
Black or African American	Female	F	80 years	80	2000	2000	625	231454	270.03205820595	248.861544842604	291.202571569297	10.801282328238
Black or African American	Female	F	80 years	80	2001	2001	626	237908	263.126923012257	242.514255791091	283.739590233423	10.5166669495745
Black or African American	Female	F	80 years	80	2002	2002	696	243879	285.387425731613	264.184964118916	306.58988734431	10.8175824554578
Black or African American	Female	F	80 years	80	2003	2003	680	249644	272.387880341606	251.914507515987	292.861253167226	10.445598380418
Black or African American	Female	F	80 years	80	2004	2004	691	254780	271.214381034618	250.99211768658	291.436644382656	10.3174813000196
Black or African American	Female	F	80 years	80	2005	2005	780	258762	301.4352957544	280.28079046708	322.58980104172	10.7931149425101
Black or African American	Female	F	80 years	80	2006	2006	697	264538	263.47821485004	243.91751475131	283.038914948771	9.97994902996476
Black or African American	Female	F	80 years	80	2007	2007	668	268871	248.44628093026	229.605437516647	267.287124343873	9.61267521102691
Black or African American	Female	F	80 years	80	2008	2008	697	272279	255.987424663672	236.982843029694	274.992006297651	9.69621511937688
Black or African American	Female	F	80 years	80	2009	2009	618	274423	225.199782817038	207.444409780867	242.955155853209	9.05886379396483
Black or African American	Female	F	80 years	80	2010	2010	669	277702	240.905719080165	222.650370810077	259.161067350253	9.31395319902454
Black or African American	Female	F	80 years	80	2011	2011	643	281890	228.103160807407	210.471960145526	245.734361469288	8.99551054177585
Black or African American	Female	F	80 years	80	2012	2012	649	284580	228.055379858036	210.509544706164	245.601215009909	8.95195671013915
Black or African American	Female	F	80 years	80	2013	2013	717	290087	247.167229141602	229.075195672724	265.25926261048	9.23062932085608
Black or African American	Female	F	80 years	80	2014	2014	693	296006	234.11687600927	216.685881165292	251.547870853248	8.89336471631533
Black or African American	Female	F	80 years	80	2015	2015	758	303164	250.029686902139	232.229972028371	267.829401775907	9.08148718049386
Black or African American	Female	F	80 years	80	2016	2016	890	312789	284.536860311584	265.842973746043	303.230746877125	9.53769722731701
Black or African American	Female	F	80 years	80	2017	2017	850	321524	264.365957129172	246.593309187033	282.138605071312	9.06767752149964
Black or African American	Female	F	80 years	80	2018	2018	893	329857	270.723374068157	252.966925981217	288.479822155097	9.059412289255
Black or African American	Female	F	80 years	80	2019	2019	987	341870	288.706233363559	270.694576873131	306.717889853988	9.18962065838184
Black or African American	Female	F	80 years	80	2020	2020	1046	351927	297.220730435573	279.20842402405	315.233036847097	9.18995225077714
Black or African American	Female	F	80 years	80	2021	2021	1023	337044	303.521201979564	284.921444227003	322.120959732124	9.489672322735
Black or African American	Female	F	80 years	80	2022	2022	1043	342317	304.688344429286	286.196945922387	323.179742936186	9.43438699331622
Black or African American	Female	F	85 years	85	1999	1999	1642	225142	729.31749740164	694.040945540916	764.594049262364	17.9982407452673
Black or African American	Female	F	85 years	85	2000	2000	1705	229308	743.541437716957	708.247586014232	778.835289419682	18.007067195268
Black or African American	Female	F	85 years	85	2001	2001	1750	226836	771.48248073498	735.336241778051	807.628719691909	18.4419586514944
Black or African American	Female	F	85 years	85	2002	2002	1759	225501	780.040886736644	743.587278750869	816.494494722419	18.598779584579
Black or African American	Female	F	85 years	85	2003	2003	1804	225873	798.678903631687	761.822749297236	835.535057966138	18.8041603747197
Black or African American	Female	F	85 years	85	2004	2004	1747	228060	766.026484258528	730.105071905417	801.947896611639	18.3272512005668
Black or African American	Female	F	85 years	85	2005	2005	1895	235430	804.91016438007	768.669272594851	841.15105616529	18.4902509108261
Black or African American	Female	F	85 years	85	2006	2006	1806	241177	748.827624524727	714.291066273055	783.364182776398	17.6206929855465
Black or African American	Female	F	85 years	85	2007	2007	1864	249077	748.362956033676	714.389056425082	782.33685564227	17.3336222492827
Black or African American	Female	F	85 years	85	2008	2008	1777	257804	689.283331523173	657.234652479883	721.332010566463	16.3513668588214
Black or African American	Female	F	85 years	85	2009	2009	1732	267385	647.755109673318	617.24856816089	678.261651185745	15.5645619961365
Black or African American	Female	F	85 years	85	2010	2010	1827	275593	662.934109356914	632.535258779868	693.33295993396	15.5096176413498
Black or African American	Female	F	85 years	85	2011	2011	1812	284598	636.687538211793	607.371631957053	666.003444466534	14.9570950279291
Black or African American	Female	F	85 years	85	2012	2012	1949	299097	651.628067148784	622.6979672099	680.558167087669	14.7602550708594
Black or African American	Female	F	85 years	85	2013	2013	1978	309079	639.965833977721	611.762547647976	668.169120307466	14.3894318008904
Black or African American	Female	F	85 years	85	2014	2014	2076	318456	651.895395282237	623.852664016639	679.938126547835	14.3075159518358
Black or African American	Female	F	85 years	85	2015	2015	2296	328330	699.296439557762	670.692131502582	727.900747612942	14.5940347220308
Black or African American	Female	F	85 years	85	2016	2016	2419	335598	720.802865332928	692.0782222187	749.527508447156	14.6554301603203
Black or African American	Female	F	85 years	85	2017	2017	2472	345025	716.469821027462	688.225590987869	744.714051067054	14.4103214487716
Black or African American	Female	F	85 years	85	2018	2018	2725	354052	769.660953758205	740.76265526326	798.55925225315	14.7440298443598
Black or African American	Female	F	85 years	85	2019	2019	2832	360819	784.881062250048	755.973378338198	813.788746161897	14.7488183223722
Black or African American	Female	F	85 years	85	2020	2020	2952	369171	799.629440015603	770.783368892872	828.475511138333	14.717383225883
Black or African American	Female	F	85 years	85	2021	2021	2804	333725	840.212750018728	809.11304038001	871.312459657445	15.867198795264
Black or African American	Female	F	85 years	85	2022	2022	2968	339046	875.397438695634	843.903324734841	906.891552656427	16.0684254902004
Black or African American	Male	M	55 years	55	1999	1999	151	573942	26.3092786379111	22.1128819243423	30.50567535148	2.14101873141267
Black or African American	Male	M	55 years	55	2000	2000	133	590653	22.517451024544	18.6905301953	26.3443718537881	1.95251062716532
Black or African American	Male	M	55 years	55	2001	2001	165	616383	26.7690705292002	22.6844906731393	30.8536503852611	2.08396931431677
Black or African American	Male	M	55 years	55	2002	2002	170	662769	25.6499625057901	21.7941283571811	29.5057966543991	1.96726232071888
Black or African American	Male	M	55 years	55	2003	2003	215	706655	30.4250306019203	26.3580896667701	34.4919715370705	2.07496986487256
Black or African American	Male	M	55 years	55	2004	2004	231	758635	30.4494256131078	26.5227123793394	34.3761388468761	2.00342511926956
Black or African American	Male	M	55 years	55	2005	2005	229	820971	27.8937989283422	24.2809816591784	31.5066161975059	1.84327411692028
Black or African American	Male	M	55 years	55	2006	2006	236	881087	26.7850961369309	23.3677160902788	30.2024761835829	1.74356124829185
Black or African American	Male	M	55 years	55	2007	2007	281	912345	30.7997522866898	27.1985282931445	34.4009762802351	1.83735918038025
Black or African American	Male	M	55 years	55	2008	2008	248	945305	26.2349188886127	22.969717618533	29.5001201586923	1.66591901534675
Black or African American	Male	M	55 years	55	2009	2009	272	981716	27.7065872411166	24.4138683585841	30.999306123649	1.67995861353697
Black or African American	Male	M	55 years	55	2010	2010	277	1009656	27.4350868018414	24.2041941735499	30.6659794301329	1.64841460627117
Black or African American	Male	M	55 years	55	2011	2011	288	1054879	27.3017094851637	24.1485229123895	30.4548960579379	1.60876865957869
Black or African American	Male	M	55 years	55	2012	2012	333	1100716	30.2530352970248	27.003637298072	33.5024332959777	1.6578561219147
Black or African American	Male	M	55 years	55	2013	2013	354	1139012	31.0795672038574	27.8419208985011	34.3172135092136	1.65186035987564
Black or African American	Male	M	55 years	55	2014	2014	339	1171735	28.9314563446513	25.8516279556843	32.0112847336184	1.57134101477911
Black or African American	Male	M	55 years	55	2015	2015	417	1200683	34.7302327092163	31.3967689557479	38.0636964626848	1.70074681299412
Black or African American	Male	M	55 years	55	2016	2016	454	1216592	37.3173586543393	33.8846334288555	40.7500838798232	1.75139042116523
Black or African American	Male	M	55 years	55	2017	2017	487	1224431	39.7735764612297	36.2410433971535	43.306109525306	1.802312787794
Black or African American	Male	M	55 years	55	2018	2018	466	1227043	37.9774791918458	34.5293045994273	41.4256537842642	1.75927275123389
Black or African American	Male	M	55 years	55	2019	2019	513	1228490	41.7585816734365	38.144956289478	45.372207057395	1.843686420387
Black or African American	Male	M	55 years	55	2020	2020	564	1221168	46.1852914586691	42.3735783298294	49.9970045875087	1.94475159634676
Black or African American	Male	M	55 years	55	2021	2021	553	1225274	45.1327621413659	41.371051211083	48.8944730716489	1.91924027055252
Black or African American	Male	M	55 years	55	2022	2022	586	1245216	47.0601084470485	43.2497995309498	50.8704173631473	1.94403516127486
Black or African American	Male	M	60 years	60	1999	1999	179	459389	38.9647988959248	33.2565619128649	44.6730358789847	2.91236580768361
Black or African American	Male	M	60 years	60	2000	2000	202	470342	42.9474722648626	37.0247960014284	48.8701485282968	3.02177360379296
Black or African American	Male	M	60 years	60	2001	2001	176	483638	36.3908543166583	31.0144491631372	41.7672594701794	2.74306385383729
Black or African American	Male	M	60 years	60	2002	2002	214	497980	42.9736133981284	37.2158865570661	48.7313402391908	2.93761573523591
Black or African American	Male	M	60 years	60	2003	2003	230	518313	44.3747310987762	38.6398041838267	50.1096580137257	2.92598311987218
Black or African American	Male	M	60 years	60	2004	2004	230	538700	42.6953777612772	37.1774880748687	48.2132674476856	2.81524984000429
Black or African American	Male	M	60 years	60	2005	2005	251	556778	45.0808041984417	39.5036729441897	50.6579354526938	2.84547512972044
Black or African American	Male	M	60 years	60	2006	2006	254	576788	44.0369771909263	38.6212508230064	49.4527035588462	2.76312569791834
Black or African American	Male	M	60 years	60	2007	2007	282	620088	45.4774161086814	40.1694602987732	50.7853719185895	2.70814071934091
Black or African American	Male	M	60 years	60	2008	2008	314	661596	47.4609882768336	42.2113663795622	52.710610174105	2.67837851901604
Black or African American	Male	M	60 years	60	2009	2009	328	710808	46.1446691652317	41.1507594538189	51.1385788766444	2.54791311806773
Black or African American	Male	M	60 years	60	2010	2010	309	757918	40.7695819336656	36.22375298789	45.3154108794413	2.31930048253861
Black or African American	Male	M	60 years	60	2011	2011	295	820245	35.9648641564411	31.8607116760062	40.0690166368759	2.09395534716062
Black or African American	Male	M	60 years	60	2012	2012	401	844889	47.4618559361052	42.8163972529857	52.1073146192247	2.37013198118342
Black or African American	Male	M	60 years	60	2013	2013	456	872930	52.2378655791415	47.4431916937254	57.0325394645576	2.44626218643678
Black or African American	Male	M	60 years	60	2014	2014	449	904640	49.6330031835868	45.0420437525626	54.2239626146111	2.34232624031848
Black or African American	Male	M	60 years	60	2015	2015	548	938589	58.3855127217557	53.4970659521877	63.2739594913238	2.49410549467757
Black or African American	Male	M	60 years	60	2016	2016	557	971972	57.3061775442091	52.5470218291137	62.0653332593045	2.42814067096705
Black or African American	Male	M	60 years	60	2017	2017	612	1015295	60.2780472670505	55.5023198028885	65.0537747312125	2.43659564498062
Black or African American	Male	M	60 years	60	2018	2018	626	1048087	59.7278661027186	55.0489430426547	64.4067891627824	2.38720564288972
Black or African American	Male	M	60 years	60	2019	2019	750	1076824	69.6492648752257	64.6645310064127	74.6339987440386	2.54323156572089
Black or African American	Male	M	60 years	60	2020	2020	840	1102596	76.1838424953473	71.031801598676	81.3358833920187	2.62859229422008
Black or African American	Male	M	60 years	60	2021	2021	846	1127301	75.0465048820147	69.9894069886201	80.1036027754092	2.58015198642581
Black or African American	Male	M	60 years	60	2022	2022	794	1145245	69.3301433317762	64.5076912808933	74.152595382659	2.46043471983818
Black or African American	Male	M	65 years	65	1999	1999	263	376469	69.8596697204816	61.4165154392939	78.3028240016694	4.30773177611619
Black or African American	Male	M	65 years	65	2000	2000	238	375235	63.4269191306781	55.3686603605044	71.4851779008518	4.11135651539476
Black or African American	Male	M	65 years	65	2001	2001	261	388334	67.2101850468926	59.056181259959	75.3641888338263	4.16020601374165
Black or African American	Male	M	65 years	65	2002	2002	256	396851	64.5078379542952	56.605627804894	72.4100481036963	4.03173987214345
Black or African American	Male	M	65 years	65	2003	2003	277	406305	68.1753854862726	60.1467121312554	76.2040588412899	4.09626191582512
Black or African American	Male	M	65 years	65	2004	2004	264	415865	63.4821396366609	55.8243106425948	71.139968630727	3.9070556092174
Black or African American	Male	M	65 years	65	2005	2005	271	427014	63.4639613689481	55.9078456067055	71.0200771311907	3.85516110318498
Black or African American	Male	M	65 years	65	2006	2006	279	436847	63.8667542640787	56.3724932405532	71.3610152876043	3.82360256302323
Black or African American	Male	M	65 years	65	2007	2007	283	450394	62.8338743411324	55.5131055189743	70.1546431632906	3.73508613375416
Black or African American	Male	M	65 years	65	2008	2008	325	470048	69.1418748723535	61.6246846067748	76.6590651379321	3.83530115590747
Black or African American	Male	M	65 years	65	2009	2009	348	489532	71.0883047482085	63.619267813318	78.557341683099	3.81073313004617
Black or African American	Male	M	65 years	65	2010	2010	328	503596	65.1315737217929	58.082846221674	72.1803012219118	3.59628954087698
Black or African American	Male	M	65 years	65	2011	2011	308	524064	58.7714477621054	52.2077722570951	65.3351232671157	3.34881403316851
Black or African American	Male	M	65 years	65	2012	2012	355	564112	62.9307655217404	56.3843297757224	69.4772012677583	3.34001823776427
Black or African American	Male	M	65 years	65	2013	2013	419	601865	69.6169406760652	62.9509608631007	76.2829204890298	3.40101010865538
Black or African American	Male	M	65 years	65	2014	2014	465	642116	72.4168218826505	65.8346524678435	78.9989912974574	3.35824970143211
Black or African American	Male	M	65 years	65	2015	2015	516	686820	75.1288547217612	68.646422435125	81.6112870083973	3.30736341154904
Black or African American	Male	M	65 years	65	2016	2016	594	732181	81.1274807731968	74.6032270955871	87.6517344508065	3.32870085592331
Black or African American	Male	M	65 years	65	2017	2017	649	753775	86.0999635169646	79.4757138834268	92.7242131505024	3.37971920078458
Black or African American	Male	M	65 years	65	2018	2018	720	774325	92.9842120556614	86.1921907686314	99.7762333426914	3.46531698317857
Black or African American	Male	M	65 years	65	2019	2019	794	800482	99.1902378816763	92.2907834292173	106.089692334135	3.52012982268318
Black or African American	Male	M	65 years	65	2020	2020	942	827816	113.793403364999	106.526528084425	121.060278645573	3.7075894288641
Black or African American	Male	M	65 years	65	2021	2021	894	860401	103.905039626872	97.0938350559929	110.71624419775	3.4751043728973
Black or African American	Male	M	65 years	65	2022	2022	995	874149	113.8249886461	106.752338976684	120.897638315516	3.60849472929386
Black or African American	Male	M	70 years	70	1999	1999	327	288848	113.208331025314	100.937878404126	125.478783646502	6.26043501081023
Black or African American	Male	M	70 years	70	2000	2000	330	292654	112.761144559787	100.594843000886	124.927446118688	6.20729671372506
Black or African American	Male	M	70 years	70	2001	2001	333	295838	112.561604662011	100.471662302289	124.651547021733	6.16833793863353
Black or African American	Male	M	70 years	70	2002	2002	322	299173	107.630033458902	95.8739784164829	119.386088501321	5.99798726654021
Black or African American	Male	M	70 years	70	2003	2003	303	304832	99.3990132269578	88.2067779748723	110.591248479043	5.71032410820689
Black or African American	Male	M	70 years	70	2004	2004	292	309884	94.2288081991971	83.4207333448501	105.036883053544	5.51432390527909
Black or African American	Male	M	70 years	70	2005	2005	347	316960	109.477536597678	97.9584948952592	120.996578300097	5.87706209307078
Black or African American	Male	M	70 years	70	2006	2006	354	325778	108.662954527316	97.3432276164859	119.982681438146	5.77537087287256
Black or African American	Male	M	70 years	70	2007	2007	338	332403	101.683799484361	90.8432951660285	112.524303802693	5.53086955016959
Black or African American	Male	M	70 years	70	2008	2008	366	339526	107.797340998922	96.7534127340382	118.841269263806	5.63465727800198
Black or African American	Male	M	70 years	70	2009	2009	374	346696	107.875487458753	96.9423944817953	118.808580435712	5.57810866171335
Black or African American	Male	M	70 years	70	2010	2010	354	353284	100.202669806728	89.7642746528106	110.641064960645	5.32571181322301
Black or African American	Male	M	70 years	70	2011	2011	355	368663	96.2939052739222	86.2768355881722	106.310974959672	5.11074983966842
Black or African American	Male	M	70 years	70	2012	2012	382	380768	100.323556601395	90.2628771955741	110.384236007216	5.13299969684744
Black or African American	Male	M	70 years	70	2013	2013	416	400090	103.976605263816	93.9847751789429	113.968435348688	5.09787249228202
Black or African American	Male	M	70 years	70	2014	2014	460	417580	110.158532496767	100.091643097018	120.225421896516	5.13616806109661
Black or African American	Male	M	70 years	70	2015	2015	535	434557	123.113883794301	112.68143618803	133.546331400572	5.32267735013836
Black or African American	Male	M	70 years	70	2016	2016	531	449661	118.08896035013	108.044696560861	128.1332241394	5.12462438228039
Black or African American	Male	M	70 years	70	2017	2017	574	485493	118.230334937888	108.558050822816	127.90261905296	4.93483883422045
Black or African American	Male	M	70 years	70	2018	2018	693	516472	134.179587663997	124.189347999918	144.169827328077	5.09706105310188
Black or African American	Male	M	70 years	70	2019	2019	795	550140	144.508670520231	134.463289536282	154.55405150418	5.12519437956581
Black or African American	Male	M	70 years	70	2020	2020	964	586258	164.432724158988	154.052522130301	174.812926187675	5.29602144320761
Black or African American	Male	M	70 years	70	2021	2021	867	614962	140.984320982435	131.599686987457	150.368954977412	4.78807856886619
Black or African American	Male	M	70 years	70	2022	2022	964	624990	154.242467879486	144.505549719301	163.979386039671	4.96781538784941
Black or African American	Male	M	75 years	75	1999	1999	400	206886	193.343193836219	174.39556084027	212.290826832168	9.66715969181095
Black or African American	Male	M	75 years	75	2000	2000	353	207597	170.040992885254	152.302269933097	187.779715837411	9.05036885314139
Black or African American	Male	M	75 years	75	2001	2001	396	213265	185.684477059058	167.395724786261	203.973229331854	9.33099605754925
Black or African American	Male	M	75 years	75	2002	2002	389	215637	180.395757685369	162.468758826315	198.322756544424	9.14642798931353
Black or African American	Male	M	75 years	75	2003	2003	352	217510	161.831639924601	144.925355359746	178.737924489456	8.62565539023204
Black or African American	Male	M	75 years	75	2004	2004	418	218650	191.17310770638	172.845966307564	209.500249105196	9.35058234633472
Black or African American	Male	M	75 years	75	2005	2005	422	222432	189.720903467127	171.619384070196	207.822422864058	9.23546908006678
Black or African American	Male	M	75 years	75	2006	2006	379	223131	169.855376438057	152.754602554326	186.956150321787	8.72488463455628
Black or African American	Male	M	75 years	75	2007	2007	396	225410	175.67987223282	158.376510565379	192.983233900262	8.82824574869456
Black or African American	Male	M	75 years	75	2008	2008	425	229456	185.220695906841	167.61102994428	202.830361869401	8.98452345028603
Black or African American	Male	M	75 years	75	2009	2009	357	232999	153.219541714771	137.325435083294	169.113648346248	8.1092380772841
Black or African American	Male	M	75 years	75	2010	2010	398	237296	167.723012608725	151.244910494577	184.201114722873	8.40719495619817
Black or African American	Male	M	75 years	75	2011	2011	395	250497	157.686519199831	142.135742323409	173.237296076252	7.93406983490892
Black or African American	Male	M	75 years	75	2012	2012	454	256353	177.099546328695	160.80862698107	193.390465676321	8.31169354470691
Black or African American	Male	M	75 years	75	2013	2013	484	264953	182.673908202587	166.399323653629	198.948492751545	8.30335946375395
Black or African American	Male	M	75 years	75	2014	2014	502	274892	182.617173289874	166.641990765566	198.592355814182	8.1506033287284
Black or African American	Male	M	75 years	75	2015	2015	573	284937	201.097084618705	184.631220207254	217.562949030156	8.40095123033219
Black or African American	Male	M	75 years	75	2016	2016	565	293691	192.379065071793	176.515906803376	208.242223340211	8.09344809613145
Black or African American	Male	M	75 years	75	2017	2017	651	306720	212.245696400626	195.941309590859	228.550083210393	8.3185646988609
Black or African American	Male	M	75 years	75	2018	2018	734	322123	227.863269620611	211.378519583561	244.34801965766	8.41058675359665
Black or African American	Male	M	75 years	75	2019	2019	721	336433	214.307157740174	198.66397511486	229.950340365488	7.98121562516017
Black or African American	Male	M	75 years	75	2020	2020	842	349269	241.074930784009	224.79126888905	257.358592678968	8.30799076273411
Black or African American	Male	M	75 years	75	2021	2021	811	344967	235.094951111266	218.914562554006	251.275339668525	8.25530028431597
Black or African American	Male	M	75 years	75	2022	2022	897	350908	255.622556339553	238.893978422567	272.35113425654	8.53498873315623
Black or African American	Male	M	80 years	80	1999	1999	349	112918	309.073841194495	276.646928109913	341.500754279077	16.5443434105009
Black or African American	Male	M	80 years	80	2000	2000	383	116516	328.710220055615	295.789457113246	361.630982997984	16.7963076236576
Black or African American	Male	M	80 years	80	2001	2001	401	120694	332.24518203059	299.725778072463	364.764585988717	16.5915326316973
Black or African American	Male	M	80 years	80	2002	2002	394	124874	315.518042186524	284.36272630579	346.673358067258	15.8955693269049
Black or African American	Male	M	80 years	80	2003	2003	374	128770	290.440319950299	261.004429581894	319.876210318704	15.0183114124514
Black or African American	Male	M	80 years	80	2004	2004	388	131758	294.479272605838	265.177429390974	323.781115820702	14.9499200075838
Black or African American	Male	M	80 years	80	2005	2005	401	134288	298.611938520195	269.384480062834	327.839396977557	14.9119686006946
Black or African American	Male	M	80 years	80	2006	2006	422	137456	307.007333255733	277.715362279579	336.299304231886	14.9448831510986
Black or African American	Male	M	80 years	80	2007	2007	410	139898	293.070665770776	264.7021578626	321.439173678952	14.4737285245798
Black or African American	Male	M	80 years	80	2008	2008	411	141976	289.485546852989	261.498179644364	317.472914061615	14.2792689839926
Black or African American	Male	M	80 years	80	2009	2009	391	143759	271.982971500915	245.023622125057	298.942320876772	13.7547700897232
Black or African American	Male	M	80 years	80	2010	2010	408	146421	278.648554510624	251.610042713559	305.687066307688	13.7951590801348
Black or African American	Male	M	80 years	80	2011	2011	423	150537	280.994041332031	254.215741611459	307.772341052604	13.6623978166186
Black or African American	Male	M	80 years	80	2012	2012	427	153654	277.897093469744	251.538262910987	304.255924028501	13.4483829381414
Black or African American	Male	M	80 years	80	2013	2013	471	159293	295.681542817324	268.977941622135	322.385144012513	13.6242863240762
Black or African American	Male	M	80 years	80	2014	2014	514	165193	311.15119890068	284.251588462515	338.050809338845	13.7242910398802
Black or African American	Male	M	80 years	80	2015	2015	548	171131	320.222519590255	293.411232535297	347.033806645214	13.6792280892645
Black or African American	Male	M	80 years	80	2016	2016	584	178668	326.863232363938	300.352866648482	353.373598079393	13.5256967935999
Black or African American	Male	M	80 years	80	2017	2017	630	185236	340.106674728454	313.548333174867	366.665016282042	13.5501742620345
Black or African American	Male	M	80 years	80	2018	2018	668	191500	348.825065274151	322.372029193413	375.27810135489	13.4964469799688
Black or African American	Male	M	80 years	80	2019	2019	745	201218	370.24520669125	343.658326426707	396.832086955793	13.5647348288485
Black or African American	Male	M	80 years	80	2020	2020	720	207884	346.347001212214	321.0481235541	371.645878870329	12.9075906418952
Black or African American	Male	M	80 years	80	2021	2021	742	200559	369.965945183213	343.345466017603	396.586424348822	13.581877125311
Black or African American	Male	M	80 years	80	2022	2022	747	204065	366.059833876461	339.808713181894	392.310954571028	13.3934289257996
Black or African American	Male	M	85 years	85	1999	1999	634	84140	753.506061326361	694.851985995846	812.160136656876	29.925548638018
Black or African American	Male	M	85 years	85	2000	2000	632	85165	742.088886279575	684.232212818989	799.945559740161	29.5187109492785
Black or African American	Male	M	85 years	85	2001	2001	618	82735	746.963195745452	688.070553759531	805.855837731373	30.0472663193474
Black or African American	Male	M	85 years	85	2002	2002	599	81399	735.881276182754	676.949380284721	794.813172080787	30.0672938255271
Black or African American	Male	M	85 years	85	2003	2003	642	81395	788.746237483875	727.73274884141	849.75972612634	31.129330940033
Black or African American	Male	M	85 years	85	2004	2004	643	82755	776.992326747629	716.934817780466	837.049835714791	30.641586207736
Black or African American	Male	M	85 years	85	2005	2005	633	86445	732.25750477182	675.212443922027	789.302565621613	29.1046228825476
Black or African American	Male	M	85 years	85	2006	2006	678	89393	758.448648104438	701.357680198827	815.539616010049	29.1280448498015
Black or African American	Male	M	85 years	85	2007	2007	676	93512	722.901873556335	668.406193857473	777.397553255197	27.8039182137052
Black or African American	Male	M	85 years	85	2008	2008	664	98066	677.09501764118	625.593307559437	728.596727722924	26.2763826947671
Black or African American	Male	M	85 years	85	2009	2009	636	103138	616.649537512847	568.724117944268	664.574957081425	24.4517446778462
Black or African American	Male	M	85 years	85	2010	2010	694	107218	647.279374731855	599.121412170072	695.437337293638	24.5703890621341
Black or African American	Male	M	85 years	85	2011	2011	658	110893	593.36477505343	548.026511207694	638.703038899166	23.1317672682327
Black or African American	Male	M	85 years	85	2012	2012	747	119700	624.06015037594	579.307143320494	668.813157431386	22.8331668650233
Black or African American	Male	M	85 years	85	2013	2013	819	125196	654.174254768523	609.371205914473	698.977303622573	22.8586983949235
Black or African American	Male	M	85 years	85	2014	2014	890	131605	676.266099312336	631.835856654769	720.696341969903	22.6684911518199
Black or African American	Male	M	85 years	85	2015	2015	998	137328	726.727251543749	681.639119133891	771.815383953608	23.0041491887034
Black or African American	Male	M	85 years	85	2016	2016	1056	141899	744.191290988661	699.305519353663	789.077062623659	22.9009038954072
Black or African American	Male	M	85 years	85	2017	2017	1180	147833	798.197966624502	752.654541931581	843.741391317423	23.2364411698574
Black or African American	Male	M	85 years	85	2018	2018	1178	153453	767.661759626726	723.823497081984	811.500022171468	22.3664604820114
Black or African American	Male	M	85 years	85	2019	2019	1281	158499	808.20699184222	763.947735784302	852.466247900138	22.5812530907744
Black or African American	Male	M	85 years	85	2020	2020	1368	163597	836.201152832876	791.888904640724	880.513401025028	22.6082898939552
Black or African American	Male	M	85 years	85	2021	2021	1291	148429	869.776121916876	822.330031627897	917.222212205855	24.2071889229486
Black or African American	Male	M	85 years	85	2022	2022	1337	151225	884.113076541577	836.721824585071	931.504328498083	24.1792101818909
White	Female	F	55 years	55	1999	1999	264	5304072	4.97730800034389	4.37689702277471	5.57771897791306	0.306332131412845
White	Female	F	55 years	55	2000	2000	260	5440411	4.77905070039745	4.19813778088953	5.35996361990538	0.296384142606084
White	Female	F	55 years	55	2001	2001	297	5594924	5.30838309868016	4.70465678601454	5.91210941134578	0.308023628911029
White	Female	F	55 years	55	2002	2002	292	6061053	4.81764472278992	4.26505931095398	5.37023013462586	0.281931332569358
White	Female	F	55 years	55	2003	2003	318	6276773	5.06629760228703	4.50945403282469	5.62314117174938	0.284103861970586
White	Female	F	55 years	55	2004	2004	321	6543979	4.90527246496359	4.36865266805332	5.44189226187387	0.273785610668508
White	Female	F	55 years	55	2005	2005	348	6839972	5.08774012525198	4.55318638894855	5.6222938615554	0.272731498113993
White	Female	F	55 years	55	2006	2006	351	7153684	4.90656282832733	4.3932526481379	5.41987300851677	0.261892949076241
White	Female	F	55 years	55	2007	2007	318	7090471	4.48489247047199	3.99195191941059	4.97783302153339	0.251500281153777
White	Female	F	55 years	55	2008	2008	310	7178391	4.31851650321082	3.83777700255041	4.79925600387122	0.245275255438984
White	Female	F	55 years	55	2009	2009	326	7311741	4.458582436112	3.97458387315518	4.94258099906882	0.24693804232491
White	Female	F	55 years	55	2010	2010	339	7424695	4.56584411884933	4.0797981981285	5.05189003957015	0.247982612612666
White	Female	F	55 years	55	2011	2011	349	7580924	4.60366045088963	4.12066099440058	5.08665990737868	0.246428294127067
White	Female	F	55 years	55	2012	2012	326	7714989	4.22554069746567	3.76683983130598	4.68424156362536	0.234031054163108
White	Female	F	55 years	55	2013	2013	401	7810125	5.13436084569709	4.63182126517538	5.63690042621881	0.25639774516414
White	Female	F	55 years	55	2014	2014	391	7844960	4.9840916970896	4.49006124863302	5.47812214554617	0.252056351253355
White	Female	F	55 years	55	2015	2015	429	7872823	5.44912542807072	4.93347636867579	5.96477448746565	0.263086254793331
White	Female	F	55 years	55	2016	2016	452	7895816	5.72455082539917	5.19680079188877	6.25230085890958	0.269260221178777
White	Female	F	55 years	55	2017	2017	478	7825343	6.10835844511864	5.56075441327252	6.65596247696475	0.279389812166386
White	Female	F	55 years	55	2018	2018	516	7726628	6.67820425675987	6.10198081969167	7.25442769382807	0.293991549524593
White	Female	F	55 years	55	2019	2019	526	7625376	6.89802050416924	6.30851525000965	7.48752575832883	0.300767986816118
White	Female	F	55 years	55	2020	2020	540	7450226	7.24810227233375	6.6367612989002	7.8594432457673	0.311908659915075
White	Female	F	55 years	55	2021	2021	598	7172732	8.33713012001564	7.66890613643868	9.00535410359259	0.340930603865793
White	Female	F	55 years	55	2022	2022	612	7236952	8.45659885542974	7.7865968689959	9.12660084186359	0.341837748180532
White	Female	F	60 years	60	1999	1999	455	4417711	10.2994514580062	9.35307382363638	11.245829092376	0.482845731821333
White	Female	F	60 years	60	2000	2000	506	4438847	11.3993566347297	10.4061007336709	12.3926125357885	0.506763214825922
White	Female	F	60 years	60	2001	2001	529	4553355	11.6178070894977	10.6277678766536	12.6078463023419	0.505122047369467
White	Female	F	60 years	60	2002	2002	522	4718079	11.0638249168782	10.1146940129133	12.0129558208432	0.4842504612066
White	Female	F	60 years	60	2003	2003	506	4979577	10.1615056861255	9.27610699128718	11.0469043809639	0.451734027978762
White	Female	F	60 years	60	2004	2004	523	5170611	10.1148587662077	9.24796665666718	10.9817508757482	0.44229189262272
White	Female	F	60 years	60	2005	2005	540	5326772	10.137471624466	9.28242687782771	10.9925163711043	0.436247319713412
White	Female	F	60 years	60	2006	2006	585	5449501	10.7349278401821	9.86501194219442	11.6048437381697	0.443834641830429
White	Female	F	60 years	60	2007	2007	576	5906519	9.75193680067735	8.95552862862204	10.5483449727327	0.406330700028223
White	Female	F	60 years	60	2008	2008	504	6124499	8.22924454718664	7.51078756207713	8.94770153229614	0.366559686280358
White	Female	F	60 years	60	2009	2009	529	6392225	8.27567865649285	7.57044691011346	8.98091040287224	0.359812115499689
White	Female	F	60 years	60	2010	2010	548	6624212	8.27268209411172	7.58003482300958	8.96532936521387	0.353391464848034
White	Female	F	60 years	60	2011	2011	579	6975747	8.30018634563438	7.62409615903755	8.97627653223121	0.344943972753483
White	Female	F	60 years	60	2012	2012	576	6902560	8.344730071162	7.66324378201711	9.0262163603069	0.347697086298417
White	Female	F	60 years	60	2013	2013	612	6975231	8.77390297181556	8.0787615183316	9.46904442529952	0.354664006879571
White	Female	F	60 years	60	2014	2014	664	7093153	9.36114024327404	8.64910615901331	10.0731743275348	0.363282696051393
White	Female	F	60 years	60	2015	2015	709	7239722	9.79319371655431	9.07232314077361	10.514064292335	0.367791110092193
White	Female	F	60 years	60	2016	2016	837	7349441	11.3886212570453	10.6170705163204	12.1601719977702	0.393648337104534
White	Female	F	60 years	60	2017	2017	778	7471715	10.4126027290923	9.68091533644623	11.1442901217384	0.373309894207189
White	Female	F	60 years	60	2018	2018	885	7550439	11.7211727688946	10.9489270605309	12.4934184772584	0.394002912430483
White	Female	F	60 years	60	2019	2019	991	7581734	13.0708885328871	12.2570760349058	13.8847010308683	0.415210458153694
White	Female	F	60 years	60	2020	2020	1021	7604662	13.4259747507516	12.602426542955	14.2495229585482	0.420177657039076
White	Female	F	60 years	60	2021	2021	1094	7556418	14.4777591710781	13.6198352870172	15.3356830551391	0.437716267378041
White	Female	F	60 years	60	2022	2022	1100	7616632	14.4420788611029	13.5886065403847	15.2955511818211	0.435445061590924
White	Female	F	65 years	65	1999	1999	897	4128908	21.7248725328828	20.3031426663675	23.146602399398	0.725372380875134
White	Female	F	65 years	65	2000	2000	903	4101812	22.0146608376981	20.5787608386449	23.4505608367512	0.732602040333234
White	Female	F	65 years	65	2001	2001	904	4063803	22.245172809804	20.7950404632503	23.6953051563578	0.739863442119261
White	Female	F	65 years	65	2002	2002	863	4062380	21.2437044294231	19.8263419763649	22.6610668824814	0.723144108703193
White	Female	F	65 years	65	2003	2003	860	4117417	20.886881265609	19.49089725596	22.282865275258	0.712236739616861
White	Female	F	65 years	65	2004	2004	899	4198160	21.4141433389866	20.0143080717692	22.813978606204	0.714201666947661
White	Female	F	65 years	65	2005	2005	854	4255961	20.0659733489099	18.7201521430973	21.4117945547225	0.686643472353363
White	Female	F	65 years	65	2006	2006	838	4353916	19.2470410545357	17.9438801731951	20.5502019358763	0.664878000683988
White	Female	F	65 years	65	2007	2007	821	4516895	18.1762029004438	16.9328693444274	19.4195364564602	0.634353855110398
White	Female	F	65 years	65	2008	2008	813	4775357	17.024905153688	15.8546097491102	18.1952005582657	0.59708949213151
White	Female	F	65 years	65	2009	2009	791	4965756	15.9290951871175	14.8190032785971	17.0391870956379	0.566373422714496
White	Female	F	65 years	65	2010	2010	843	5090536	16.5601421932779	15.4422334686847	17.678050917871	0.57036159418018
White	Female	F	65 years	65	2011	2011	848	5227581	16.2216520413553	15.1298265577911	17.3134775249194	0.557053818144991
White	Female	F	65 years	65	2012	2012	907	5674238	15.9845251468127	14.9442405525149	17.0248097411105	0.530757446070313
White	Female	F	65 years	65	2013	2013	1011	5881599	17.1892031401665	16.1296170763309	18.248789204002	0.540605134609981
White	Female	F	65 years	65	2014	2014	1084	6123197	17.7031704189821	16.6492872216595	18.7570536163048	0.53769550883809
White	Female	F	65 years	65	2015	2015	1230	6373883	19.297498871567	18.2190376347721	20.3759601083619	0.550235324895364
White	Female	F	65 years	65	2016	2016	1283	6658443	19.2687689899876	18.2143900731867	20.3231479067885	0.53794842693922
White	Female	F	65 years	65	2017	2017	1344	6587391	20.4026146314983	19.3118218290533	21.4934074339432	0.556526940022943
White	Female	F	65 years	65	2018	2018	1390	6652125	20.8955784805607	19.7970708701559	21.9940860909656	0.560463066533093
White	Female	F	65 years	65	2019	2019	1494	6763238	22.090010731546	20.9698593999924	23.2101620630997	0.571505781404933
White	Female	F	65 years	65	2020	2020	1714	6898198	24.8470687562172	23.6707478263979	26.0233896860365	0.600163739703744
White	Female	F	65 years	65	2021	2021	1812	6919897	26.1853608514693	24.9796711875499	27.3910505153887	0.615147787713972
White	Female	F	65 years	65	2022	2022	1897	6968508	27.222470003622	25.997430950466	28.447509056778	0.625019925079589
White	Female	F	70 years	70	1999	1999	1822	4138627	44.0242621526414	42.0027611040082	46.0457632012747	1.03137808603738
White	Female	F	70 years	70	2000	2000	1789	4086093	43.7826549713871	41.7537906980673	45.8115192447069	1.03513483332644
White	Female	F	70 years	70	2001	2001	1737	4017544	43.2353696686334	41.2020983302743	45.2686410069925	1.03738333589749
White	Female	F	70 years	70	2002	2002	1762	3943356	44.6827524575514	42.5963742533437	46.7691306617591	1.06447867561617
White	Female	F	70 years	70	2003	2003	1629	3864787	42.1498002347865	40.1029265158263	44.1966739537468	1.04432332600014
White	Female	F	70 years	70	2004	2004	1621	3791896	42.7490627380076	40.6679713054985	44.8301541705166	1.06178134311687
White	Female	F	70 years	70	2005	2005	1672	3757002	44.5035696015067	42.3703636746261	46.6367755283873	1.08837037085745
White	Female	F	70 years	70	2006	2006	1623	3738990	43.4074442563366	41.2956041779289	45.5192843347443	1.07746942775903
White	Female	F	70 years	70	2007	2007	1443	3740907	38.5735331030683	36.5832615977935	40.5638046083432	1.0154446455484
White	Female	F	70 years	70	2008	2008	1353	3794292	35.6588264688116	33.758736262302	37.5589166753212	0.969433778831441
White	Female	F	70 years	70	2009	2009	1439	3871651	37.1676062744292	35.2472126022079	39.0879999466504	0.979792689908809
White	Female	F	70 years	70	2010	2010	1356	3909774	34.6823115607194	32.8363006570987	36.52832246434	0.941842297765649
White	Female	F	70 years	70	2011	2011	1388	4025822	34.4774309445375	32.6636023857992	36.2912595032759	0.925422734050197
White	Female	F	70 years	70	2012	2012	1494	4184931	35.6995133253093	33.8892445176959	37.5097821329227	0.923606534496635
White	Female	F	70 years	70	2013	2013	1709	4432560	38.5555976681647	36.7276132910623	40.3835820452671	0.932645090358366
White	Female	F	70 years	70	2014	2014	1680	4607294	36.4639200363597	34.7202480674096	38.2075920053099	0.889628555586824
White	Female	F	70 years	70	2015	2015	1955	4750284	41.1554340750995	39.3310768661372	42.9797912840618	0.930794494368511
White	Female	F	70 years	70	2016	2016	2063	4856799	42.476536500687	40.6435656653376	44.3095073360363	0.935189201708843
White	Female	F	70 years	70	2017	2017	2381	5278005	45.1117420313168	43.2997095772693	46.9237744853642	0.92450635410583
White	Female	F	70 years	70	2018	2018	2541	5469235	46.4598796723856	44.6534052388817	48.2663541058895	0.921670629338733
White	Female	F	70 years	70	2019	2019	2754	5692824	48.3766931842614	46.569892351756	50.1834940167669	0.921837159441565
White	Female	F	70 years	70	2020	2020	2884	5924967	48.6753765885953	46.8988661505854	50.4518870266053	0.906382876535687
White	Female	F	70 years	70	2021	2021	3137	6059791	51.76746194712	49.9558895908269	53.579034303413	0.924271610353588
White	Female	F	70 years	70	2022	2022	3247	6097551	53.2508871184513	51.4192401385133	55.0825340983894	0.934513765274509
White	Female	F	75 years	75	1999	1999	3591	3703159	96.9712615634381	93.7995665859884	100.142956540888	1.61821172318862
White	Female	F	75 years	75	2000	2000	3573	3725948	95.8950581167531	92.7506725802505	99.0394436532557	1.6042783349503
White	Female	F	75 years	75	2001	2001	3530	3698950	95.4324875978318	92.2842683979048	98.5807067977589	1.60623428567706
White	Female	F	75 years	75	2002	2002	3313	3667267	90.3397543729431	87.263485728738	93.4160230171482	1.56952481847197
White	Female	F	75 years	75	2003	2003	3396	3641215	93.2655720686639	90.128723244599	96.4024208927288	1.60043307350249
White	Female	F	75 years	75	2004	2004	3279	3577134	91.6655624307057	88.5280058200389	94.8031190413724	1.60079418911569
White	Female	F	75 years	75	2005	2005	3324	3531686	94.1193526264793	90.9196877413696	97.3190175115889	1.6324820842396
White	Female	F	75 years	75	2006	2006	3194	3486974	91.5980446083051	88.4213547384234	94.7747344781867	1.62076013769472
White	Female	F	75 years	75	2007	2007	2947	3427172	85.989264618175	82.8846318405549	89.0938973957951	1.58399631511228
White	Female	F	75 years	75	2008	2008	2798	3362728	83.206253969991	80.123149887275	86.2893580527071	1.57301228710002
White	Female	F	75 years	75	2009	2009	2539	3303614	76.8552258223872	73.8657288088506	79.8447228359239	1.52525357833501
White	Female	F	75 years	75	2010	2010	2634	3287271	80.1272544916437	77.0672050166964	83.1873039665909	1.56124973211595
White	Female	F	75 years	75	2011	2011	2526	3270291	77.2408326965399	74.2286150717067	80.253050321373	1.53684572695568
White	Female	F	75 years	75	2012	2012	2568	3284732	78.179894128349	75.1560901114286	81.2036981452693	1.54275715148998
White	Female	F	75 years	75	2013	2013	2553	3340049	76.4360043819716	73.470977462971	79.4010313009723	1.51276883622483
White	Female	F	75 years	75	2014	2014	2779	3420345	81.2491137589922	78.2282549284273	84.269972589557	1.54125450539021
White	Female	F	75 years	75	2015	2015	3072	3479260	88.2946373654168	85.1723002405477	91.4169744902859	1.59302914534137
White	Female	F	75 years	75	2016	2016	3228	3573929	90.3207646262699	87.2049119594452	93.4366172930945	1.58972074837992
White	Female	F	75 years	75	2017	2017	3409	3716831	91.7179177638155	88.6390094431616	94.7968260844693	1.57087159217032
White	Female	F	75 years	75	2018	2018	3862	3943031	97.9449565575315	94.8558562223784	101.034056892685	1.57607159956788
White	Female	F	75 years	75	2019	2019	4085	4095254	99.7496126003418	96.690670486832	102.808554713852	1.56068475179071
White	Female	F	75 years	75	2020	2020	4343	4218840	102.942989068085	99.8813222245388	106.004655911631	1.56207492017667
White	Female	F	75 years	75	2021	2021	4700	4104256	114.515273901043	111.241335088068	117.789212714018	1.67037694539547
White	Female	F	75 years	75	2022	2022	5195	4128910	125.820131705462	122.398656234164	129.24160717676	1.74565075066227
White	Female	F	80 years	80	1999	1999	6082	2686103	226.424675449899	220.734094346739	232.115256553059	2.90335770569412
White	Female	F	80 years	80	2000	2000	5893	2702744	218.037668384427	212.470691987127	223.604644781727	2.84029408025492
White	Female	F	80 years	80	2001	2001	6184	2779168	222.512636875497	216.966686091287	228.058587659706	2.82956672663725
White	Female	F	80 years	80	2002	2002	6094	2840836	214.5143190244	209.128383706754	219.900254342045	2.74792618247217
White	Female	F	80 years	80	2003	2003	6324	2871621	220.224047672029	214.796234615911	225.651860728148	2.7692923755706
White	Female	F	80 years	80	2004	2004	6263	2919814	214.49996472378	209.18754854566	219.812380901901	2.71041641740831
White	Female	F	80 years	80	2005	2005	6319	2937585	215.108669195955	209.804836611263	220.412501780647	2.70603703300598
White	Female	F	80 years	80	2006	2006	6312	2925051	215.791109283223	210.467500611861	221.114717954585	2.71612687314391
White	Female	F	80 years	80	2007	2007	5766	2912053	198.004637965037	192.893776426064	203.11549950401	2.60758241784331
White	Female	F	80 years	80	2008	2008	5436	2900831	187.394577622757	182.412925835571	192.376229409943	2.54165907509493
White	Female	F	80 years	80	2009	2009	5328	2860258	186.276902293429	181.275025724511	191.278778862348	2.5519778412849
White	Female	F	80 years	80	2010	2010	5191	2838020	182.909211351576	177.933374478127	187.885048225026	2.53869228237222
White	Female	F	80 years	80	2011	2011	5226	2810292	185.959323799804	180.917480694394	191.001166905215	2.57236893133209
White	Female	F	80 years	80	2012	2012	4957	2772291	178.805183149965	173.827506106451	183.782860193479	2.53963114464996
White	Female	F	80 years	80	2013	2013	5266	2723815	193.331779140654	188.109995280767	198.55356300054	2.66417543871764
White	Female	F	80 years	80	2014	2014	5399	2682034	201.302444338886	195.932763710402	206.67212496737	2.73963297371642
White	Female	F	80 years	80	2015	2015	5643	2666277	211.643426395682	206.121306520648	217.165546270716	2.81740809950705
White	Female	F	80 years	80	2016	2016	5582	2666251	209.357633621141	203.865387939105	214.849879303176	2.80216616430379
White	Female	F	80 years	80	2017	2017	6017	2679545	224.553049118414	218.879105418501	230.226992818327	2.89486923464945
White	Female	F	80 years	80	2018	2018	6139	2732446	224.670496690511	219.050276897534	230.290716483488	2.86745907804933
White	Female	F	80 years	80	2019	2019	6604	2794000	236.363636363636	230.662870533763	242.064402193509	2.90855399483322
White	Female	F	80 years	80	2020	2020	6650	2838947	234.241780491147	228.611764748798	239.871796233496	2.87245701140248
White	Female	F	80 years	80	2021	2021	7031	2725551	257.966187387431	251.936284643921	263.996090130941	3.07648099158688
White	Female	F	80 years	80	2022	2022	7515	2741232	274.146806983137	267.948475892038	280.345138074237	3.1624138219895
White	Female	F	85 years	85	1999	1999	22069	2594890	850.479211064824	839.25829157543	861.700130554217	5.72495892315985
White	Female	F	85 years	85	2000	2000	22531	2633096	855.684714875569	844.511462414592	866.857967336545	5.70063901070219
White	Female	F	85 years	85	2001	2001	23083	2664217	866.408404420511	855.231215231981	877.58559360904	5.70264754516809
White	Female	F	85 years	85	2002	2002	22753	2683788	847.794237100695	836.778154135274	858.810320066116	5.62045049256175
White	Female	F	85 years	85	2003	2003	23153	2724221	849.894336766364	838.946775840685	860.841897692042	5.58549026820347
White	Female	F	85 years	85	2004	2004	23220	2751124	844.018662917411	833.162483467369	854.874842367454	5.53886706634828
White	Female	F	85 years	85	2005	2005	24275	2811993	863.266729326851	852.40693862192	874.126520031782	5.54070954333204
White	Female	F	85 years	85	2006	2006	24841	2890516	859.396730549148	848.709498700193	870.083962398102	5.45266931069117
White	Female	F	85 years	85	2007	2007	23271	2966345	784.500791377942	774.421223024947	794.580359730936	5.14263691479331
White	Female	F	85 years	85	2008	2008	24064	3028795	794.507386600942	784.468857065032	804.545916136851	5.121698742811
White	Female	F	85 years	85	2009	2009	23201	3100490	748.301074991372	738.672121513188	757.930028469556	4.91273136642037
White	Female	F	85 years	85	2010	2010	23818	3150003	756.126264006733	746.523466978028	765.729061035438	4.89938623913522
White	Female	F	85 years	85	2011	2011	24216	3246764	745.850329743708	736.456200011754	755.244459475662	4.79292333262951
White	Female	F	85 years	85	2012	2012	24675	3285736	750.973297915596	741.603030486346	760.343565344846	4.7807486883928
White	Female	F	85 years	85	2013	2013	25762	3321293	775.661767871729	766.18983374316	785.133702000299	4.83261945335174
White	Female	F	85 years	85	2014	2014	27030	3337547	809.876235450767	800.221248214872	819.531222686662	4.92601389586482
White	Female	F	85 years	85	2015	2015	29467	3354228	878.503190600043	868.472485719971	888.533895480114	5.11770657146495
White	Female	F	85 years	85	2016	2016	30081	3362797	894.523219807797	884.414374403475	904.632065212119	5.15757418587847
White	Female	F	85 years	85	2017	2017	31395	3354895	935.796798409488	925.445200774568	946.148396044409	5.28142736475545
White	Female	F	85 years	85	2018	2018	33238	3349454	992.340841223674	981.6724361969	1003.00924625045	5.44306378917025
White	Female	F	85 years	85	2019	2019	33980	3334297	1019.10537663561	1008.26951434845	1029.94123892278	5.5285011669228
White	Female	F	85 years	85	2020	2020	33294	3312732	1005.03149666197	994.235748224473	1015.82724509947	5.50803491708998
White	Female	F	85 years	85	2021	2021	33085	2910687	1136.67323212699	1124.42492311436	1148.92154113961	6.24913725134091
White	Female	F	85 years	85	2022	2022	35524	2925950	1214.10140296314	1201.47585890862	1226.72694701766	6.44160410945141
White	Male	M	55 years	55	1999	1999	423	5063782	8.35344017574216	7.55737018200313	9.14951016948119	0.406158160070934
White	Male	M	55 years	55	2000	2000	421	5197809	8.09956656737483	7.32585907492524	8.87327405982442	0.394748720637545
White	Male	M	55 years	55	2001	2001	479	5364115	8.92971161132824	8.130014093446	9.72940912921049	0.408008937695021
White	Male	M	55 years	55	2002	2002	432	5830597	7.40918983081835	6.71049919941269	8.10788046222402	0.356474811941668
White	Male	M	55 years	55	2003	2003	494	6050416	8.16472784681252	7.44472484022669	8.88473085339835	0.367348472747872
White	Male	M	55 years	55	2004	2004	482	6314088	7.63372319169451	6.95221832726759	8.31522805612143	0.347706563483121
White	Male	M	55 years	55	2005	2005	518	6605805	7.84158781556525	7.16629022242066	8.51688540870984	0.344539588339076
White	Male	M	55 years	55	2006	2006	612	6901653	8.86744088698751	8.16488858310808	9.56999319086694	0.358445052999708
White	Male	M	55 years	55	2007	2007	564	6838462	8.24746850973216	7.56679760769032	8.928139411774	0.347281072470328
White	Male	M	55 years	55	2008	2008	545	6913901	7.88267000062628	7.22086329096525	8.5444767102873	0.337656484520931
White	Male	M	55 years	55	2009	2009	553	7036638	7.85886669173546	7.20384840055841	8.51388498291251	0.334193005702577
White	Male	M	55 years	55	2010	2010	602	7146083	8.42419546484417	7.75124009819323	9.09715083149511	0.343344574821907
White	Male	M	55 years	55	2011	2011	559	7299446	7.65811542410205	7.02326403350686	8.29296681469723	0.323903770711829
White	Male	M	55 years	55	2012	2012	618	7426243	8.32183918570938	7.66572239358378	8.97795597783498	0.334753465370203
White	Male	M	55 years	55	2013	2013	635	7524979	8.43856175545473	7.78220850290814	9.09491500800133	0.334874108442141
White	Male	M	55 years	55	2014	2014	774	7567749	10.227611935861	9.50706905377656	10.9481548179454	0.367623919430826
White	Male	M	55 years	55	2015	2015	767	7603227	10.0878219208765	9.37389165018255	10.8017521915704	0.364250138109154
White	Male	M	55 years	55	2016	2016	827	7624881	10.8460709091722	10.1068474239712	11.5852943943732	0.377154839388271
White	Male	M	55 years	55	2017	2017	884	7558976	11.6947057379201	10.9237681203183	12.4656433555218	0.39333551918457
White	Male	M	55 years	55	2018	2018	925	7462883	12.3946737473976	11.5959063970731	13.1934410977222	0.407534362410493
White	Male	M	55 years	55	2019	2019	975	7369813	13.2296436829537	12.3992158229211	14.0600715429863	0.423687683690102
White	Male	M	55 years	55	2020	2020	1060	7199900	14.7224267003708	13.8361230470324	15.6087303537092	0.452195741499179
White	Male	M	55 years	55	2021	2021	1185	7111700	16.6626826215954	15.7139544025481	17.6114108406427	0.484045009718028
White	Male	M	55 years	55	2022	2022	1126	7170634	15.7029350542783	14.7857273149989	16.6201427935578	0.467963132285444
White	Male	M	60 years	60	1999	1999	631	4089994	15.4278954932452	14.2241128418928	16.6316781445977	0.614174822118588
White	Male	M	60 years	60	2000	2000	667	4113867	16.2134556124444	14.9829920958804	17.4439191290085	0.627787508451049
White	Male	M	60 years	60	2001	2001	695	4231056	16.4261593323274	15.2049230452223	17.6473956194326	0.623079738318948
White	Male	M	60 years	60	2002	2002	709	4393249	16.1383978008076	14.9504609079449	17.3263346936703	0.606090251460564
White	Male	M	60 years	60	2003	2003	707	4648582	15.208938983974	14.0878365846357	16.3300413833123	0.571991020070565
White	Male	M	60 years	60	2004	2004	710	4836000	14.6815550041356	13.601616679687	15.7614933285843	0.550988941045254
White	Male	M	60 years	60	2005	2005	741	4995868	14.8322573774968	13.7642992619469	15.9002154930466	0.544876589566266
White	Male	M	60 years	60	2006	2006	828	5127052	16.149631406118	15.0496039690224	17.2496588432136	0.561238488314071
White	Male	M	60 years	60	2007	2007	800	5578839	14.3399011873259	13.3461967329578	15.333605641694	0.506992068555158
White	Male	M	60 years	60	2008	2008	851	5800117	14.6721178210715	13.6863285273108	15.6579071148322	0.502953721306478
White	Male	M	60 years	60	2009	2009	874	6060669	14.4208502394703	13.4647768694108	15.3769236095297	0.487792535744634
White	Male	M	60 years	60	2010	2010	909	6288214	14.4556149011468	13.5158684381258	15.3953613641678	0.479462481133159
White	Male	M	60 years	60	2011	2011	893	6608141	13.5136341673097	12.6272897783789	14.3999785562405	0.452216524964704
White	Male	M	60 years	60	2012	2012	909	6527655	13.9253682984165	13.0200926879225	14.8306439089105	0.461875311476521
White	Male	M	60 years	60	2013	2013	1052	6583471	15.979412683674	15.0137865423621	16.9450388249859	0.492666398628531
White	Male	M	60 years	60	2014	2014	1108	6683927	16.5770811081569	15.6009812412642	17.5531809750496	0.498010136169747
White	Male	M	60 years	60	2015	2015	1269	6814088	18.6231818550039	17.5985233611338	19.647840348874	0.52278494585209
White	Male	M	60 years	60	2016	2016	1302	6916690	18.8240328827806	17.8015330349277	19.8465327306336	0.52168359584335
White	Male	M	60 years	60	2017	2017	1441	7031812	20.4925842727308	19.4344986562109	21.5506698892508	0.53983960026526
White	Male	M	60 years	60	2018	2018	1577	7112293	22.1728772985027	21.0785120883725	23.267242508633	0.558349597005207
White	Male	M	60 years	60	2019	2019	1690	7151623	23.6309995647142	22.5043345436261	24.7576645858023	0.57482909239188
White	Male	M	60 years	60	2020	2020	1928	7179085	26.8557901181	25.6570073522128	28.0545728839872	0.611623860146527
White	Male	M	60 years	60	2021	2021	1903	7331430	25.956736953091	24.7905000673013	27.1229738388807	0.595018819280474
White	Male	M	60 years	60	2022	2022	2039	7387442	27.6008935163213	26.4028554980977	28.798931534545	0.611243886848825
White	Male	M	65 years	65	1999	1999	1109	3619643	30.6383806358804	28.83512995185	32.4416313199108	0.920025859199192
White	Male	M	65 years	65	2000	2000	1115	3605311	30.9265969010718	29.1112870207399	32.7419067814036	0.926178510373391
White	Male	M	65 years	65	2001	2001	1074	3595859	29.8676894728075	28.0813847021243	31.6539942434907	0.911379985042458
White	Male	M	65 years	65	2002	2002	1053	3612434	29.1493214824132	27.3886824091683	30.9099605556582	0.898285241451495
White	Male	M	65 years	65	2003	2003	1141	3679382	31.0106425481236	29.2112578863544	32.8100272098927	0.918053398861794
White	Male	M	65 years	65	2004	2004	1087	3769006	28.8404953454571	27.1259695854665	30.5550211054477	0.874758040811532
White	Male	M	65 years	65	2005	2005	1021	3836589	26.6121807678644	24.9797917470444	28.2445697886844	0.832851541234699
White	Male	M	65 years	65	2006	2006	1134	3935236	28.8165690698093	27.1393421816965	30.493795957922	0.855728004139154
White	Male	M	65 years	65	2007	2007	1179	4094688	28.7934025742621	27.1498176154939	30.4369875330303	0.838563754473572
White	Male	M	65 years	65	2008	2008	1064	4344355	24.4915528312028	23.0199128476661	25.9631928147395	0.750836726294241
White	Male	M	65 years	65	2009	2009	1115	4528274	24.623068303729	23.1777589695391	26.0683776379188	0.73740272152542
White	Male	M	65 years	65	2010	2010	1266	4654113	27.2017460684775	25.7033176515341	28.7001744854209	0.764504294358869
White	Male	M	65 years	65	2011	2011	1201	4801082	25.015194491575	23.6004159910503	26.4299729920997	0.721825765573821
White	Male	M	65 years	65	2012	2012	1424	5232533	27.2143529720692	25.8008423057184	28.6278636384199	0.721178911403452
White	Male	M	65 years	65	2013	2013	1543	5435950	28.3851028799014	26.968775727917	29.8014300318858	0.722615893869603
White	Male	M	65 years	65	2014	2014	1672	5660062	29.5403124559413	28.1243458227662	30.9562790891164	0.722431955701576
White	Male	M	65 years	65	2015	2015	1894	5890546	32.1532163571934	30.7051431874703	33.6012895269165	0.738812841695454
White	Male	M	65 years	65	2016	2016	2131	6132295	34.7504482416453	33.2749973561504	36.2258991271401	0.752781064027989
White	Male	M	65 years	65	2017	2017	2101	6052363	34.7137142963831	33.2293375921255	36.1980910006407	0.757335053192668
White	Male	M	65 years	65	2018	2018	2336	6094585	38.3291069039155	36.7747585695666	39.8834552382645	0.793034864463754
White	Male	M	65 years	65	2019	2019	2437	6184025	39.4079907503608	37.8433573413751	40.9726241593465	0.798282351523319
White	Male	M	65 years	65	2020	2020	2619	6293104	41.6169826527577	40.0230905765695	43.2108747289459	0.813210242953175
White	Male	M	65 years	65	2021	2021	2842	6467594	43.9421522130177	42.326583780422	45.5577206456134	0.824269608467188
White	Male	M	65 years	65	2022	2022	2922	6512395	44.8682857842622	43.2414060735929	46.4951654949314	0.830040668708798
White	Male	M	70 years	70	1999	1999	2157	3298619	65.3910015069943	62.6313833881783	68.1506196258103	1.40796842796735
White	Male	M	70 years	70	2000	2000	2031	3288915	61.7528881105167	59.0671826417019	64.4385935793315	1.37025789225246
White	Male	M	70 years	70	2001	2001	1988	3278268	60.6417779144353	57.9760255264773	63.3075303023933	1.36007774895817
White	Male	M	70 years	70	2002	2002	1874	3245790	57.7363292141513	55.1222397498945	60.350418678408	1.33371911441673
White	Male	M	70 years	70	2003	2003	1871	3206546	58.3493890310633	55.7054253169854	60.9933527451413	1.3489610786112
White	Male	M	70 years	70	2004	2004	1835	3166882	57.9434282679304	55.2922298979511	60.5946266379097	1.35265222958127
White	Male	M	70 years	70	2005	2005	1763	3163365	55.7317919367509	53.1302374731069	58.3333464003949	1.3273237059408
White	Male	M	70 years	70	2006	2006	1715	3170662	54.089650678628	51.52966116779	56.649640189466	1.30611709736633
White	Male	M	70 years	70	2007	2007	1693	3192895	53.0239798051611	50.4981742526187	55.5497853577035	1.28867630231755
White	Male	M	70 years	70	2008	2008	1691	3258957	51.887766546168	49.4146234527116	54.3609096396243	1.26180770074303
White	Male	M	70 years	70	2009	2009	1643	3345358	49.1128303757027	46.7380018717852	51.4876588796202	1.21164719587627
White	Male	M	70 years	70	2010	2010	1740	3391018	51.3120248845627	48.9010060645715	53.7230437045538	1.23011164285263
White	Male	M	70 years	70	2011	2011	1756	3505670	50.0902823140798	47.7474171495934	52.4331474785661	1.19533936963587
White	Male	M	70 years	70	2012	2012	1846	3658387	50.4593964498562	48.1575185962817	52.7612743034307	1.17442747631351
White	Male	M	70 years	70	2013	2013	2107	3895724	54.0849403089131	51.7755350082957	56.3943456095304	1.17826801051907
White	Male	M	70 years	70	2014	2014	2384	4054745	58.7953126522136	56.4351298040357	61.1554955003916	1.20417492253976
White	Male	M	70 years	70	2015	2015	2585	4194407	61.6296892504709	59.2538569876489	64.005521513293	1.21215931776636
White	Male	M	70 years	70	2016	2016	2887	4301332	67.1187436821896	64.6703767894467	69.5671105749325	1.24916678201168
White	Male	M	70 years	70	2017	2017	3105	4696082	66.1189476674385	63.7932610066962	68.4446343281808	1.18657482690933
White	Male	M	70 years	70	2018	2018	3397	4875761	69.6711754329222	67.3282339838266	72.0141168820178	1.19537829035491
White	Male	M	70 years	70	2019	2019	3631	5076365	71.5275595824965	69.2009883454355	73.8541308195576	1.18702614135767
White	Male	M	70 years	70	2020	2020	3904	5275819	73.9979896960074	71.6767441241215	76.3192352678933	1.18430896524792
White	Male	M	70 years	70	2021	2021	4264	5471224	77.9350287979436	75.5957597549699	80.2742978409172	1.19350461376208
White	Male	M	70 years	70	2022	2022	4221	5505068	76.6748022004451	74.3616667763791	78.9879376245111	1.18017113472755
White	Male	M	75 years	75	1999	1999	3201	2598738	123.175171948846	118.908036668069	127.442307229623	2.17710983713104
White	Male	M	75 years	75	2000	2000	3202	2619131	122.254289686159	118.01971775714	126.488861615178	2.16049588215253
White	Male	M	75 years	75	2001	2001	3237	2630912	123.037182543544	118.798595568611	127.275769518477	2.1625443749657
White	Male	M	75 years	75	2002	2002	3089	2642321	116.904796956918	112.782118639799	121.027475274036	2.10340730465227
White	Male	M	75 years	75	2003	2003	3171	2659135	119.249304755118	115.098676807068	123.399932703167	2.11766732043331
White	Male	M	75 years	75	2004	2004	3046	2654958	114.728745238154	110.654348029004	118.803142447305	2.07877408630142
White	Male	M	75 years	75	2005	2005	3014	2660667	113.279865537476	109.235623191723	117.324107883229	2.06338895191481
White	Male	M	75 years	75	2006	2006	3110	2661067	116.870413259042	112.762885978075	120.977940540009	2.09567718416691
White	Male	M	75 years	75	2007	2007	2794	2644456	105.655000499157	101.737284710149	109.572716288166	1.99883458622908
White	Male	M	75 years	75	2008	2008	2736	2621514	104.367171031702	100.456404079777	108.277937983626	1.99528926118602
White	Male	M	75 years	75	2009	2009	2706	2597732	104.167789440943	100.242916307743	108.092662574143	2.00248629244894
White	Male	M	75 years	75	2010	2010	2598	2604993	99.7315539811431	95.8965211688086	103.566586793478	1.95664939404822
White	Male	M	75 years	75	2011	2011	2715	2621024	103.585468885443	99.6890109634369	107.48192680745	1.98798873571749
White	Male	M	75 years	75	2012	2012	2785	2654999	104.896461354599	101.000592676406	108.792330032793	1.98768810111925
White	Male	M	75 years	75	2013	2013	2866	2722302	105.278547347061	101.424137766335	109.132956927788	1.96653550037052
White	Male	M	75 years	75	2014	2014	3165	2806684	112.766524482272	108.837819572006	116.695229392537	2.0044412807477
White	Male	M	75 years	75	2015	2015	3614	2869856	125.929663369869	121.823936644101	130.035390095638	2.09475853355557
White	Male	M	75 years	75	2016	2016	3858	2954863	130.564428875383	126.444404048457	134.684453702308	2.10205348312521
White	Male	M	75 years	75	2017	2017	4103	3089031	132.824824354304	128.760535528985	136.889113179623	2.07361674761189
White	Male	M	75 years	75	2018	2018	4544	3294887	137.910647618568	133.900736855516	141.92055838162	2.0458728382919
White	Male	M	75 years	75	2019	2019	4821	3426428	140.700461238351	136.728700972534	144.672221504168	2.02640829888618
White	Male	M	75 years	75	2020	2020	5139	3539105	145.206203263254	141.236098816246	149.176307710263	2.02556349337166
White	Male	M	75 years	75	2021	2021	5369	3494520	153.640557215297	149.530808740614	157.75030568998	2.096810446267
White	Male	M	75 years	75	2022	2022	5874	3515476	167.08974830151	162.816689146794	171.362807456227	2.18013222179412
White	Male	M	80 years	80	1999	1999	4095	1584789	258.394019645518	250.4797366359	266.308302655135	4.03789949470274
White	Male	M	80 years	80	2000	2000	4231	1606270	263.405280556818	255.468232025455	271.342329088181	4.04951455681783
White	Male	M	80 years	80	2001	2001	4376	1681282	260.277573898965	252.565802191247	267.989345606684	3.93457740189718
White	Male	M	80 years	80	2002	2002	4393	1737354	252.855779536007	245.378418432532	260.333140639483	3.81498015483443
White	Male	M	80 years	80	2003	2003	4431	1773800	249.802683504341	242.447351243283	257.158015765398	3.75272054135587
White	Male	M	80 years	80	2004	2004	4479	1818671	246.278738705351	239.06612851951	253.491348891192	3.67990315604134
White	Male	M	80 years	80	2005	2005	4669	1851696	252.147220710095	244.914556212363	259.379885207826	3.69013494782221
White	Male	M	80 years	80	2006	2006	4651	1867182	249.091947116028	241.933108220026	256.250786012031	3.65246882449113
White	Male	M	80 years	80	2007	2007	4399	1889185	232.85173236078	225.970621358601	239.732843362959	3.51077091947913
White	Male	M	80 years	80	2008	2008	4293	1912346	224.488664708165	217.773293198673	231.204036217657	3.42620995382241
White	Male	M	80 years	80	2009	2009	4361	1921250	226.987638256344	220.250658626841	233.724617885846	3.43723450484821
White	Male	M	80 years	80	2010	2010	4428	1930668	229.350670337935	222.595251523547	236.106089152323	3.44664225223894
White	Male	M	80 years	80	2011	2011	4275	1955849	218.575155853034	212.02293076101	225.127380945057	3.34297198572641
White	Male	M	80 years	80	2012	2012	4451	1957694	227.359331948711	220.679891861327	234.038772036095	3.407877595604
White	Male	M	80 years	80	2013	2013	4760	1954228	243.574444742374	236.654791746123	250.494097738625	3.53043520216891
White	Male	M	80 years	80	2014	2014	4879	1946464	250.65965771779	243.626099207425	257.693216228155	3.58855026039019
White	Male	M	80 years	80	2015	2015	5339	1957509	272.744595299434	265.428450972378	280.06073962649	3.73272669747757
White	Male	M	80 years	80	2016	2016	5452	1976253	275.875609043984	268.552568262005	283.198649825963	3.73624529692802
White	Male	M	80 years	80	2017	2017	5754	2006679	286.742423676134	279.333363973753	294.151483378515	3.78013250121477
White	Male	M	80 years	80	2018	2018	6151	2063839	298.03681391814	290.588583218897	305.485044617382	3.80011770369514
White	Male	M	80 years	80	2019	2019	6516	2121021	307.210536812224	299.751175552077	314.669898072371	3.80579656129959
White	Male	M	80 years	80	2020	2020	6690	2165823	308.889507591341	301.48755722116	316.291457961521	3.77650529090854
White	Male	M	80 years	80	2021	2021	6831	2101103	325.11495152784	317.40501378504	332.824889270641	3.93364170551065
White	Male	M	80 years	80	2022	2022	7409	2113739	350.516312562715	342.534812741991	358.497812383438	4.07219378608339
White	Male	M	85 years	85	1999	1999	8067	1034839	779.541551874253	762.53018102994	796.552922718566	8.67927083893511
White	Male	M	85 years	85	2000	2000	8384	1061643	789.719331262958	772.814797170929	806.623865354986	8.6247622918511
White	Male	M	85 years	85	2001	2001	8603	1094483	786.033222992043	769.42313196434	802.643314019746	8.47453623862412
White	Male	M	85 years	85	2002	2002	8869	1122659	789.999456647121	773.557801440522	806.44111185372	8.38859959520353
White	Male	M	85 years	85	2003	2003	9385	1164671	805.806961794361	789.503870968459	822.110052620263	8.31790348260297
White	Male	M	85 years	85	2004	2004	9546	1198940	796.203312926418	780.230943861327	812.175681991509	8.14916789035263
White	Male	M	85 years	85	2005	2005	10206	1251702	815.369792490545	799.550651120788	831.188933860302	8.07099049477403
White	Male	M	85 years	85	2006	2006	10560	1315193	802.923981499293	787.609632439234	818.238330559353	7.81344339798958
White	Male	M	85 years	85	2007	2007	10370	1376012	753.627148600448	739.121965069213	768.132332131684	7.40060384246705
White	Male	M	85 years	85	2008	2008	10614	1430364	742.048877069054	727.931661646154	756.166092491954	7.20266093005111
White	Male	M	85 years	85	2009	2009	11061	1486527	744.083356709969	730.21642215976	757.950291260178	7.07496660724956
White	Male	M	85 years	85	2010	2010	11646	1528404	761.971311250167	748.132260606254	775.81036189408	7.06074012444548
White	Male	M	85 years	85	2011	2011	12073	1610254	749.757491675226	736.383246356975	763.131736993477	6.82359455012811
White	Male	M	85 years	85	2012	2012	12684	1656437	765.739958718623	752.413668556503	779.066248880744	6.79912763373486
White	Male	M	85 years	85	2013	2013	13997	1710806	818.152379638603	804.598214021277	831.706545255929	6.91539062108485
White	Male	M	85 years	85	2014	2014	14767	1751652	843.032748513974	829.435395291088	856.630101736861	6.93742511371759
White	Male	M	85 years	85	2015	2015	16268	1791088	908.27474696944	894.317292203861	922.232201735019	7.1211503906017
White	Male	M	85 years	85	2016	2016	17042	1820369	936.183817676526	922.127973925435	950.239661427617	7.17134885259734
White	Male	M	85 years	85	2017	2017	18488	1849670	999.529645828715	985.121543480385	1013.93774817705	7.35107262669926
White	Male	M	85 years	85	2018	2018	19302	1873994	1029.9926253766	1015.46184191537	1044.52340883783	7.41366503123993
White	Male	M	85 years	85	2019	2019	20337	1907106	1066.38015925701	1051.72384787812	1081.0364706359	7.47770988718843
White	Male	M	85 years	85	2020	2020	20346	1921392	1058.91978315721	1044.36922633328	1073.47033998114	7.42375348159644
White	Male	M	85 years	85	2021	2021	19734	1699823	1160.9444042115	1144.74645876407	1177.14234965892	8.26425788133931
White	Male	M	85 years	85	2022	2022	20966	1709428	1226.49213655094	1209.89003565879	1243.09423744309	8.47045963885265
